x-axis,1,2
second,Volt,Volt
-1.000000E-06,+3.778500080109E+00,+2.519999980927E+00
-998.000E-09,+3.716000080109E+00,+2.769999980927E+00
-996.000E-09,+3.903500080109E+00,+2.769999980927E+00
-994.000E-09,+3.966000080109E+00,+2.769999980927E+00
-992.000E-09,+4.091000080109E+00,+2.832499980927E+00
-990.000E-09,+4.216000080109E+00,+2.894999980927E+00
-988.000E-09,+4.341000080109E+00,+2.832499980927E+00
-986.000E-09,+4.403500080109E+00,+2.832499980927E+00
-984.000E-09,+4.528500080109E+00,+2.832499980927E+00
-982.000E-09,+4.591000080109E+00,+2.894999980927E+00
-980.000E-09,+4.528500080109E+00,+2.894999980927E+00
-978.000E-09,+4.341000080109E+00,+2.894999980927E+00
-976.000E-09,+4.153500080109E+00,+3.082499980926E+00
-974.000E-09,+3.716000080109E+00,+3.269999980926E+00
-972.000E-09,+3.341000080109E+00,+3.394999980926E+00
-970.000E-09,+2.841000080109E+00,+3.394999980927E+00
-968.000E-09,+2.278500080109E+00,+3.582499980926E+00
-966.000E-09,+1.591000080109E+00,+3.582499980927E+00
-964.000E-09,+1.028500080109E+00,+3.644999980926E+00
-962.000E-09,+341.000080109E-03,+3.707499980926E+00
-960.000E-09,-96.499919891E-03,+3.769999980926E+00
-958.000E-09,-721.499919891E-03,+3.957499980926E+00
-956.000E-09,-1.221499919891E+00,+3.957499980927E+00
-954.000E-09,-1.596499919891E+00,+4.019999980926E+00
-952.000E-09,-1.846499919891E+00,+4.019999980927E+00
-950.000E-09,-1.971499919891E+00,+4.019999980927E+00
-948.000E-09,-2.158999919891E+00,+3.894999980927E+00
-946.000E-09,-2.096499919891E+00,+3.832499980927E+00
-944.000E-09,-1.971499919891E+00,+3.769999980927E+00
-942.000E-09,-1.908999919891E+00,+3.769999980927E+00
-940.000E-09,-1.658999919891E+00,+3.769999980927E+00
-938.000E-09,-1.533999919891E+00,+3.769999980927E+00
-936.000E-09,-1.346499919891E+00,+3.644999980927E+00
-934.000E-09,-1.158999919891E+00,+3.707499980926E+00
-932.000E-09,-971.499919891E-03,+3.707499980927E+00
-930.000E-09,-908.999919891E-03,+3.707499980927E+00
-928.000E-09,-783.999919891E-03,+3.769999980926E+00
-926.000E-09,-721.499919891E-03,+3.769999980927E+00
-924.000E-09,-533.999919891E-03,+3.832499980926E+00
-922.000E-09,-408.999919891E-03,+3.894999980927E+00
-920.000E-09,-283.999919891E-03,+4.082499980926E+00
-918.000E-09,-221.499919891E-03,+4.207499980926E+00
-916.000E-09,-33.999919891E-03,+4.332499980926E+00
-914.000E-09,-33.999919891E-03,+4.394999980927E+00
-912.000E-09,-33.999919891E-03,+4.394999980927E+00
-910.000E-09,+28.500080109E-03,+4.394999980927E+00
-908.000E-09,-33.999919891E-03,+4.332499980927E+00
-906.000E-09,-158.999919891E-03,+4.332499980927E+00
-904.000E-09,-283.999919891E-03,+4.269999980927E+00
-902.000E-09,-346.499919891E-03,+4.144999980927E+00
-900.000E-09,-471.499919891E-03,+4.144999980927E+00
-898.000E-09,-471.499919891E-03,+4.082499980927E+00
-896.000E-09,-471.499919891E-03,+4.082499980927E+00
-894.000E-09,-471.499919891E-03,+4.019999980927E+00
-892.000E-09,-533.999919891E-03,+3.957499980927E+00
-890.000E-09,-471.499919891E-03,+3.832499980927E+00
-888.000E-09,-346.499919891E-03,+3.832499980927E+00
-886.000E-09,-283.999919891E-03,+3.832499980927E+00
-884.000E-09,-96.499919891E-03,+3.832499980927E+00
-882.000E-09,+28.500080109E-03,+3.769999980927E+00
-880.000E-09,+91.000080109E-03,+3.832499980927E+00
-878.000E-09,+216.000080109E-03,+3.832499980927E+00
-876.000E-09,+341.000080109E-03,+3.832499980927E+00
-874.000E-09,+466.000080109E-03,+3.894999980927E+00
-872.000E-09,+466.000080109E-03,+3.957499980927E+00
-870.000E-09,+466.000080109E-03,+3.957499980927E+00
-868.000E-09,+591.000080109E-03,+3.957499980927E+00
-866.000E-09,+528.500080109E-03,+3.894999980927E+00
-864.000E-09,+591.000080109E-03,+4.019999980927E+00
-862.000E-09,+716.000080109E-03,+4.082499980927E+00
-860.000E-09,+778.500080109E-03,+4.144999980927E+00
-858.000E-09,+716.000080109E-03,+4.269999980927E+00
-856.000E-09,+778.500080109E-03,+4.332499980927E+00
-854.000E-09,+841.000080109E-03,+4.394999980927E+00
-852.000E-09,+903.500080109E-03,+4.394999980927E+00
-850.000E-09,+716.000080109E-03,+4.394999980926E+00
-848.000E-09,+716.000080109E-03,+4.332499980926E+00
-846.000E-09,+591.000080109E-03,+4.269999980926E+00
-844.000E-09,+528.500080109E-03,+4.207499980927E+00
-842.000E-09,+278.500080109E-03,+4.207499980926E+00
-840.000E-09,+216.000080109E-03,+4.144999980926E+00
-838.000E-09,+28.500080109E-03,+4.082499980927E+00
-836.000E-09,+28.500080108E-03,+4.144999980926E+00
-834.000E-09,-221.499919891E-03,+4.082499980926E+00
-832.000E-09,-346.499919891E-03,+3.957499980927E+00
-830.000E-09,-471.499919891E-03,+3.957499980926E+00
-828.000E-09,-596.499919891E-03,+3.894999980926E+00
-826.000E-09,-721.499919891E-03,+3.832499980926E+00
-824.000E-09,-783.999919891E-03,+3.769999980927E+00
-822.000E-09,-846.499919891E-03,+3.832499980927E+00
-820.000E-09,-908.999919891E-03,+3.832499980927E+00
-818.000E-09,-1.033999919891E+00,+3.832499980927E+00
-816.000E-09,-1.033999919891E+00,+3.832499980927E+00
-814.000E-09,-1.096499919891E+00,+3.957499980926E+00
-812.000E-09,-1.158999919891E+00,+3.894999980927E+00
-810.000E-09,-1.158999919891E+00,+3.894999980926E+00
-808.000E-09,-1.033999919891E+00,+3.832499980927E+00
-806.000E-09,-1.158999919891E+00,+3.894999980927E+00
-804.000E-09,-1.033999919891E+00,+3.957499980926E+00
-802.000E-09,-971.499919891E-03,+3.894999980927E+00
-800.000E-09,-846.499919891E-03,+3.957499980927E+00
-798.000E-09,-658.999919891E-03,+4.082499980927E+00
-796.000E-09,-471.499919891E-03,+4.082499980927E+00
-794.000E-09,-283.999919891E-03,+4.082499980927E+00
-792.000E-09,-96.499919891E-03,+4.144999980927E+00
-790.000E-09,+91.000080109E-03,+4.144999980927E+00
-788.000E-09,+278.500080109E-03,+4.207499980926E+00
-786.000E-09,+466.000080109E-03,+4.144999980927E+00
-784.000E-09,+466.000080109E-03,+4.144999980927E+00
-782.000E-09,+653.500080109E-03,+4.144999980926E+00
-780.000E-09,+778.500080109E-03,+4.082499980927E+00
-778.000E-09,+778.500080109E-03,+4.144999980927E+00
-776.000E-09,+903.500080109E-03,+4.207499980926E+00
-774.000E-09,+903.500080109E-03,+4.144999980927E+00
-772.000E-09,+966.000080109E-03,+4.207499980926E+00
-770.000E-09,+1.028500080109E+00,+4.144999980926E+00
-768.000E-09,+966.000080108E-03,+4.082499980927E+00
-766.000E-09,+841.000080109E-03,+4.144999980927E+00
-764.000E-09,+778.500080109E-03,+4.207499980926E+00
-762.000E-09,+778.500080109E-03,+4.144999980927E+00
-760.000E-09,+716.000080108E-03,+4.144999980927E+00
-758.000E-09,+528.500080109E-03,+4.144999980927E+00
-756.000E-09,+528.500080108E-03,+4.207499980926E+00
-754.000E-09,+278.500080108E-03,+4.144999980926E+00
-752.000E-09,+153.500080108E-03,+4.082499980926E+00
-750.000E-09,+28.500080109E-03,+4.019999980927E+00
-748.000E-09,-33.999919892E-03,+4.082499980926E+00
-746.000E-09,-221.499919891E-03,+3.957499980926E+00
-744.000E-09,-283.999919892E-03,+3.894999980927E+00
-742.000E-09,-471.499919891E-03,+3.894999980927E+00
-740.000E-09,-533.999919892E-03,+3.957499980926E+00
-738.000E-09,-658.999919891E-03,+3.894999980927E+00
-736.000E-09,-658.999919892E-03,+3.957499980927E+00
-734.000E-09,-783.999919891E-03,+3.957499980927E+00
-732.000E-09,-658.999919892E-03,+3.957499980927E+00
-730.000E-09,-783.999919891E-03,+3.957499980927E+00
-728.000E-09,-783.999919891E-03,+3.957499980927E+00
-726.000E-09,-721.499919891E-03,+3.957499980927E+00
-724.000E-09,-658.999919891E-03,+3.957499980926E+00
-722.000E-09,-596.499919891E-03,+3.894999980927E+00
-720.000E-09,-596.499919891E-03,+4.019999980927E+00
-718.000E-09,-596.499919891E-03,+4.019999980927E+00
-716.000E-09,-533.999919891E-03,+4.019999980927E+00
-714.000E-09,-471.499919891E-03,+4.082499980927E+00
-712.000E-09,-346.499919891E-03,+4.082499980927E+00
-710.000E-09,-346.499919891E-03,+4.144999980927E+00
-708.000E-09,-283.999919891E-03,+4.144999980926E+00
-706.000E-09,-158.999919891E-03,+4.082499980927E+00
-704.000E-09,-33.999919891E-03,+4.207499980926E+00
-702.000E-09,+28.500080109E-03,+4.144999980927E+00
-700.000E-09,+91.000080109E-03,+4.207499980926E+00
-698.000E-09,+91.000080109E-03,+4.144999980926E+00
-696.000E-09,+216.000080109E-03,+4.082499980927E+00
-694.000E-09,+278.500080109E-03,+4.144999980927E+00
-692.000E-09,+278.500080109E-03,+4.144999980926E+00
-690.000E-09,+341.000080109E-03,+4.082499980927E+00
-688.000E-09,+278.500080109E-03,+4.082499980927E+00
-686.000E-09,+341.000080109E-03,+4.144999980926E+00
-684.000E-09,+278.500080109E-03,+4.082499980927E+00
-682.000E-09,+216.000080109E-03,+4.082499980927E+00
-680.000E-09,+216.000080109E-03,+4.082499980927E+00
-678.000E-09,+216.000080108E-03,+4.144999980926E+00
-676.000E-09,+153.500080109E-03,+4.019999980927E+00
-674.000E-09,+153.500080109E-03,+4.019999980926E+00
-672.000E-09,+153.500080108E-03,+3.957499980927E+00
-670.000E-09,+91.000080109E-03,+4.019999980926E+00
-668.000E-09,+153.500080108E-03,+3.957499980927E+00
-666.000E-09,+28.500080109E-03,+3.957499980927E+00
-664.000E-09,+28.500080108E-03,+3.957499980927E+00
-662.000E-09,-33.999919891E-03,+4.019999980927E+00
-660.000E-09,+28.500080108E-03,+4.019999980927E+00
-658.000E-09,-96.499919891E-03,+4.082499980926E+00
-656.000E-09,-33.999919892E-03,+4.019999980927E+00
-654.000E-09,-158.999919891E-03,+4.082499980927E+00
-652.000E-09,-96.499919892E-03,+4.082499980926E+00
-650.000E-09,-158.999919891E-03,+4.019999980927E+00
-648.000E-09,-158.999919891E-03,+4.019999980927E+00
-646.000E-09,-158.999919891E-03,+4.082499980926E+00
-644.000E-09,-96.499919891E-03,+4.019999980927E+00
-642.000E-09,-96.499919891E-03,+4.082499980927E+00
-640.000E-09,-96.499919891E-03,+4.144999980926E+00
-638.000E-09,-33.999919891E-03,+4.082499980927E+00
-636.000E-09,-33.999919891E-03,+4.082499980927E+00
-634.000E-09,-33.999919891E-03,+4.082499980927E+00
-632.000E-09,+28.500080108E-03,+4.082499980927E+00
-630.000E-09,-96.499919891E-03,+4.082499980927E+00
-628.000E-09,+28.500080108E-03,+4.082499980926E+00
-626.000E-09,-33.999919892E-03,+4.019999980927E+00
-624.000E-09,-96.499919891E-03,+4.082499980927E+00
-622.000E-09,-96.499919891E-03,+4.144999980926E+00
-620.000E-09,-33.999919892E-03,+4.082499980926E+00
-618.000E-09,-96.499919891E-03,+4.019999980927E+00
-616.000E-09,-96.499919892E-03,+4.019999980927E+00
-614.000E-09,-158.999919891E-03,+4.144999980926E+00
-612.000E-09,-96.499919892E-03,+4.082499980927E+00
-610.000E-09,-158.999919891E-03,+4.082499980926E+00
-608.000E-09,-96.499919892E-03,+4.019999980927E+00
-606.000E-09,-158.999919891E-03,+4.019999980927E+00
-604.000E-09,-96.499919891E-03,+4.019999980927E+00
-602.000E-09,-96.499919891E-03,+4.019999980926E+00
-600.000E-09,-96.499919891E-03,+3.957499980927E+00
-598.000E-09,-33.999919892E-03,+4.082499980926E+00
-596.000E-09,-96.499919892E-03,+4.019999980926E+00
-594.000E-09,-158.999919891E-03,+3.957499980927E+00
-592.000E-09,-96.499919892E-03,+4.082499980927E+00
-590.000E-09,-158.999919891E-03,+4.082499980926E+00
-588.000E-09,-96.499919892E-03,+4.019999980926E+00
-586.000E-09,-158.999919891E-03,+3.957499980927E+00
-584.000E-09,-96.499919891E-03,+4.019999980927E+00
-582.000E-09,-96.499919891E-03,+4.019999980927E+00
-580.000E-09,-33.999919891E-03,+4.019999980927E+00
-578.000E-09,-33.999919891E-03,+4.019999980927E+00
-576.000E-09,+28.500080109E-03,+4.019999980927E+00
-574.000E-09,+28.500080109E-03,+4.019999980927E+00
-572.000E-09,+91.000080109E-03,+4.082499980927E+00
-570.000E-09,+91.000080108E-03,+4.082499980926E+00
-568.000E-09,+28.500080109E-03,+4.019999980927E+00
-566.000E-09,+28.500080109E-03,+4.082499980926E+00
-564.000E-09,+153.500080108E-03,+4.019999980927E+00
-562.000E-09,+28.500080109E-03,+4.082499980927E+00
-560.000E-09,+91.000080108E-03,+4.082499980927E+00
-558.000E-09,+28.500080109E-03,+4.082499980927E+00
-556.000E-09,+91.000080108E-03,+4.144999980926E+00
-554.000E-09,+28.500080109E-03,+4.082499980927E+00
-552.000E-09,+153.500080109E-03,+4.082499980927E+00
-550.000E-09,+153.500080109E-03,+4.082499980927E+00
-548.000E-09,+153.500080108E-03,+4.082499980927E+00
-546.000E-09,+91.000080108E-03,+4.082499980927E+00
-544.000E-09,+28.500080108E-03,+4.082499980927E+00
-542.000E-09,-33.999919891E-03,+4.082499980927E+00
-540.000E-09,+28.500080108E-03,+4.082499980927E+00
-538.000E-09,-33.999919891E-03,+4.082499980926E+00
-536.000E-09,+28.500080108E-03,+4.019999980927E+00
-534.000E-09,-33.999919891E-03,+4.082499980926E+00
-532.000E-09,-33.999919892E-03,+4.019999980927E+00
-530.000E-09,-158.999919891E-03,+4.019999980927E+00
-528.000E-09,-96.499919892E-03,+4.019999980927E+00
-526.000E-09,-158.999919891E-03,+4.019999980927E+00
-524.000E-09,-96.499919892E-03,+4.019999980927E+00
-522.000E-09,-221.499919891E-03,+4.019999980927E+00
-520.000E-09,-221.499919891E-03,+4.019999980927E+00
-518.000E-09,-158.999919891E-03,+4.082499980926E+00
-516.000E-09,-158.999919892E-03,+4.019999980926E+00
-514.000E-09,-221.499919891E-03,+3.957499980927E+00
-512.000E-09,-158.999919892E-03,+3.957499980927E+00
-510.000E-09,-221.499919891E-03,+3.957499980925E+00
-508.000E-09,-96.499919892E-03,+3.644999980925E+00
-506.000E-09,-221.499919891E-03,+3.269999980924E+00
-504.000E-09,-96.499919892E-03,+2.644999980924E+00
-502.000E-09,-158.999919891E-03,+2.019999980924E+00
-500.000E-09,-33.999919892E-03,+1.519999980926E+00
-498.000E-09,-158.999919891E-03,+1.332499980926E+00
-496.000E-09,-96.499919892E-03,+1.269999980927E+00
-494.000E-09,-221.499919892E-03,+1.394999980926E+00
-492.000E-09,-283.999919892E-03,+1.269999980927E+00
-490.000E-09,-471.499919891E-03,+1.269999980927E+00
-488.000E-09,-471.499919892E-03,+1.269999980927E+00
-486.000E-09,-533.999919891E-03,+1.269999980927E+00
-484.000E-09,-533.999919892E-03,+1.332499980926E+00
-482.000E-09,-721.499919891E-03,+1.269999980927E+00
-480.000E-09,-721.499919892E-03,+1.332499980926E+00
-478.000E-09,-783.999919891E-03,+1.207499980926E+00
-476.000E-09,-721.499919891E-03,+1.082499980926E+00
-474.000E-09,-658.999919891E-03,+957.499980926E-03
-472.000E-09,-471.499919891E-03,+769.999980926E-03
-470.000E-09,-283.999919891E-03,+644.999980926E-03
-468.000E-09,-96.499919891E-03,+457.499980926E-03
-466.000E-09,+91.000080110E-03,+269.999980926E-03
-464.000E-09,+403.500080110E-03,+207.499980926E-03
-462.000E-09,+653.500080110E-03,+82.499980926E-03
-460.000E-09,+903.500080109E-03,+19.999980926E-03
-458.000E-09,+1.091000080110E+00,-42.500019074E-03
-456.000E-09,+1.278500080110E+00,-230.000019074E-03
-454.000E-09,+1.528500080109E+00,-292.500019073E-03
-452.000E-09,+1.716000080108E+00,-292.500019074E-03
-450.000E-09,+1.653500080109E+00,-355.000019073E-03
-448.000E-09,+1.653500080108E+00,-292.500019073E-03
-446.000E-09,+1.591000080108E+00,-167.500019073E-03
-444.000E-09,+1.528500080108E+00,-105.000019073E-03
-442.000E-09,+1.466000080108E+00,+82.499980927E-03
-440.000E-09,+1.341000080108E+00,+207.499980927E-03
-438.000E-09,+1.278500080108E+00,+332.499980927E-03
-436.000E-09,+1.153500080108E+00,+394.999980927E-03
-434.000E-09,+1.091000080109E+00,+457.499980927E-03
-432.000E-09,+1.153500080109E+00,+457.499980927E-03
-430.000E-09,+1.278500080110E+00,+519.999980927E-03
-428.000E-09,+1.591000080110E+00,+519.999980926E-03
-426.000E-09,+1.841000080110E+00,+457.499980927E-03
-424.000E-09,+2.216000080110E+00,+582.499980927E-03
-422.000E-09,+2.466000080110E+00,+582.499980926E-03
-420.000E-09,+2.841000080110E+00,+519.999980926E-03
-418.000E-09,+3.216000080110E+00,+394.999980927E-03
-416.000E-09,+3.591000080109E+00,+394.999980926E-03
-414.000E-09,+3.778500080109E+00,+269.999980926E-03
-412.000E-09,+3.966000080109E+00,+144.999980926E-03
-410.000E-09,+4.028500080109E+00,+19.999980926E-03
-408.000E-09,+4.153500080109E+00,-42.500019073E-03
-406.000E-09,+4.153500080109E+00,+19.999980927E-03
-404.000E-09,+4.153500080108E+00,+19.999980927E-03
-402.000E-09,+4.091000080109E+00,+19.999980926E-03
-400.000E-09,+4.091000080108E+00,-42.500019073E-03
-398.000E-09,+3.966000080108E+00,+19.999980927E-03
-396.000E-09,+3.903500080108E+00,+82.499980926E-03
-394.000E-09,+3.841000080109E+00,+19.999980927E-03
-392.000E-09,+3.841000080109E+00,+82.499980927E-03
-390.000E-09,+3.841000080109E+00,+144.999980927E-03
-388.000E-09,+3.903500080109E+00,+207.499980927E-03
-386.000E-09,+3.903500080109E+00,+269.999980927E-03
-384.000E-09,+3.966000080109E+00,+332.499980927E-03
-382.000E-09,+4.028500080109E+00,+457.499980927E-03
-380.000E-09,+4.216000080109E+00,+519.999980926E-03
-378.000E-09,+4.278500080109E+00,+457.499980927E-03
-376.000E-09,+4.466000080109E+00,+457.499980927E-03
-374.000E-09,+4.528500080109E+00,+519.999980926E-03
-372.000E-09,+4.716000080109E+00,+332.499980926E-03
-370.000E-09,+4.716000080110E+00,+269.999980926E-03
-368.000E-09,+4.966000080109E+00,+207.499980926E-03
-366.000E-09,+5.028500080109E+00,+144.999980926E-03
-364.000E-09,+5.216000080108E+00,+82.499980927E-03
-362.000E-09,+5.153500080109E+00,+82.499980927E-03
-360.000E-09,+5.216000080109E+00,+82.499980927E-03
-358.000E-09,+5.216000080109E+00,+82.499980926E-03
-356.000E-09,+5.216000080108E+00,-105.000019073E-03
-354.000E-09,+5.091000080109E+00,-105.000019074E-03
-352.000E-09,+5.153500080108E+00,-167.500019073E-03
-350.000E-09,+4.966000080108E+00,-105.000019074E-03
-348.000E-09,+4.903500080108E+00,-167.500019073E-03
-346.000E-09,+4.778500080108E+00,-105.000019073E-03
-344.000E-09,+4.716000080108E+00,-42.500019073E-03
-342.000E-09,+4.653500080109E+00,+82.499980927E-03
-340.000E-09,+4.653500080108E+00,+82.499980927E-03
-338.000E-09,+4.466000080108E+00,+144.999980927E-03
-336.000E-09,+4.403500080108E+00,+207.499980926E-03
-334.000E-09,+4.341000080108E+00,+144.999980927E-03
-332.000E-09,+4.278500080109E+00,+144.999980927E-03
-330.000E-09,+4.278500080109E+00,+144.999980927E-03
-328.000E-09,+4.278500080109E+00,+207.499980927E-03
-326.000E-09,+4.278500080108E+00,+207.499980926E-03
-324.000E-09,+4.216000080109E+00,+144.999980927E-03
-322.000E-09,+4.216000080109E+00,+144.999980927E-03
-320.000E-09,+4.216000080108E+00,+144.999980926E-03
-318.000E-09,+4.153500080109E+00,+82.499980927E-03
-316.000E-09,+4.278500080108E+00,+82.499980926E-03
-314.000E-09,+4.216000080109E+00,+19.999980927E-03
-312.000E-09,+4.216000080109E+00,+19.999980927E-03
-310.000E-09,+4.216000080108E+00,+19.999980926E-03
-308.000E-09,+4.153500080109E+00,-105.000019073E-03
-306.000E-09,+4.153500080109E+00,-105.000019074E-03
-304.000E-09,+4.153500080108E+00,-167.500019073E-03
-302.000E-09,+4.091000080109E+00,-105.000019073E-03
-300.000E-09,+4.091000080108E+00,-105.000019073E-03
-298.000E-09,+3.903500080109E+00,-42.500019073E-03
-296.000E-09,+3.903500080108E+00,-42.500019073E-03
-294.000E-09,+3.841000080109E+00,+19.999980926E-03
-292.000E-09,+3.841000080108E+00,-42.500019073E-03
-290.000E-09,+3.778500080108E+00,+19.999980927E-03
-288.000E-09,+3.716000080108E+00,+19.999980927E-03
-286.000E-09,+3.653500080109E+00,+82.499980927E-03
-284.000E-09,+3.716000080108E+00,+144.999980926E-03
-282.000E-09,+3.591000080109E+00,+82.499980927E-03
-280.000E-09,+3.653500080109E+00,+82.499980927E-03
-278.000E-09,+3.653500080109E+00,+144.999980927E-03
-276.000E-09,+3.653500080108E+00,+144.999980927E-03
-274.000E-09,+3.591000080108E+00,+144.999980927E-03
-272.000E-09,+3.528500080109E+00,+144.999980927E-03
-270.000E-09,+3.528500080109E+00,+207.499980926E-03
-268.000E-09,+3.591000080109E+00,+82.499980927E-03
-266.000E-09,+3.591000080109E+00,+82.499980927E-03
-264.000E-09,+3.591000080108E+00,+82.499980927E-03
-262.000E-09,+3.528500080109E+00,+144.999980926E-03
-260.000E-09,+3.591000080108E+00,+19.999980927E-03
-258.000E-09,+3.466000080109E+00,+19.999980927E-03
-256.000E-09,+3.591000080108E+00,+19.999980927E-03
-254.000E-09,+3.528500080109E+00,+19.999980927E-03
-252.000E-09,+3.528500080108E+00,+19.999980927E-03
-250.000E-09,+3.466000080109E+00,+19.999980927E-03
-248.000E-09,+3.466000080108E+00,+19.999980927E-03
-246.000E-09,+3.403500080109E+00,+82.499980926E-03
-244.000E-09,+3.528500080108E+00,+19.999980927E-03
-242.000E-09,+3.466000080108E+00,+19.999980927E-03
-240.000E-09,+3.403500080108E+00,+82.499980927E-03
-238.000E-09,+3.341000080109E+00,+82.499980927E-03
-236.000E-09,+3.341000080108E+00,+144.999980926E-03
-234.000E-09,+3.278500080109E+00,+82.499980927E-03
-232.000E-09,+3.341000080108E+00,+144.999980927E-03
-230.000E-09,+3.278500080109E+00,+144.999980926E-03
-228.000E-09,+3.341000080109E+00,+82.499980927E-03
-226.000E-09,+3.341000080109E+00,+144.999980926E-03
-224.000E-09,+3.341000080109E+00,+82.499980927E-03
-222.000E-09,+3.341000080109E+00,+144.999980927E-03
-220.000E-09,+3.341000080109E+00,+144.999980926E-03
-218.000E-09,+3.341000080109E+00,+82.499980927E-03
-216.000E-09,+3.466000080108E+00,+82.499980927E-03
-214.000E-09,+3.403500080109E+00,+82.499980927E-03
-212.000E-09,+3.466000080109E+00,+82.499980927E-03
-210.000E-09,+3.528500080109E+00,+82.499980927E-03
-208.000E-09,+3.528500080109E+00,+82.499980926E-03
-206.000E-09,+3.528500080109E+00,+19.999980927E-03
-204.000E-09,+3.591000080108E+00,+82.499980927E-03
-202.000E-09,+3.528500080109E+00,+82.499980927E-03
-200.000E-09,+3.653500080108E+00,+82.499980927E-03
-198.000E-09,+3.591000080109E+00,+144.999980926E-03
-196.000E-09,+3.778500080108E+00,+82.499980927E-03
-194.000E-09,+3.716000080109E+00,+144.999980926E-03
-192.000E-09,+3.778500080109E+00,+82.499980927E-03
-190.000E-09,+3.778500080109E+00,+207.499980927E-03
-188.000E-09,+3.903500080108E+00,+207.499980926E-03
-186.000E-09,+3.778500080109E+00,+82.499980927E-03
-184.000E-09,+3.903500080109E+00,+144.999980927E-03
-182.000E-09,+3.966000080109E+00,+207.499980926E-03
-180.000E-09,+4.028500080109E+00,+144.999980927E-03
-178.000E-09,+4.028500080109E+00,+144.999980927E-03
-176.000E-09,+4.091000080109E+00,+144.999980927E-03
-174.000E-09,+4.153500080109E+00,+207.499980926E-03
-172.000E-09,+4.216000080108E+00,+144.999980926E-03
-170.000E-09,+4.153500080109E+00,+82.499980927E-03
-168.000E-09,+4.278500080109E+00,+82.499980927E-03
-166.000E-09,+4.341000080108E+00,+144.999980927E-03
-164.000E-09,+4.278500080109E+00,+144.999980926E-03
-162.000E-09,+4.341000080109E+00,+82.499980927E-03
-160.000E-09,+4.403500080109E+00,+207.499980926E-03
-158.000E-09,+4.403500080109E+00,+144.999980926E-03
-156.000E-09,+4.403500080109E+00,+82.499980927E-03
-154.000E-09,+4.466000080109E+00,+82.499980927E-03
-152.000E-09,+4.466000080108E+00,+207.499980927E-03
-150.000E-09,+4.403500080109E+00,+207.499980926E-03
-148.000E-09,+4.466000080109E+00,+144.999980927E-03
-146.000E-09,+4.466000080109E+00,+144.999980927E-03
-144.000E-09,+4.591000080108E+00,+144.999980927E-03
-142.000E-09,+4.466000080109E+00,+144.999980926E-03
-140.000E-09,+4.528500080109E+00,+82.499980927E-03
-138.000E-09,+4.528500080108E+00,+144.999980926E-03
-136.000E-09,+4.466000080109E+00,+82.499980927E-03
-134.000E-09,+4.466000080109E+00,+207.499980926E-03
-132.000E-09,+4.466000080109E+00,+144.999980926E-03
-130.000E-09,+4.466000080109E+00,+82.499980927E-03
-128.000E-09,+4.466000080108E+00,+82.499980927E-03
-126.000E-09,+4.403500080109E+00,+144.999980926E-03
-124.000E-09,+4.403500080108E+00,+19.999980927E-03
-122.000E-09,+4.341000080109E+00,+82.499980927E-03
-120.000E-09,+4.341000080108E+00,+82.499980927E-03
-118.000E-09,+4.278500080109E+00,+207.499980926E-03
-116.000E-09,+4.341000080108E+00,+82.499980926E-03
-114.000E-09,+4.278500080109E+00,+19.999980927E-03
-112.000E-09,+4.278500080108E+00,+19.999980927E-03
-110.000E-09,+4.216000080109E+00,+82.499980927E-03
-108.000E-09,+4.216000080108E+00,+82.499980926E-03
-106.000E-09,+4.091000080109E+00,+19.999980927E-03
-104.000E-09,+4.091000080109E+00,+19.999980927E-03
-102.000E-09,+4.091000080109E+00,+82.499980926E-03
-100.000E-09,+4.153500080108E+00,+19.999980927E-03
-98.000E-09,+3.966000080109E+00,+19.999980926E-03
-96.000E-09,+3.966000080109E+00,-42.500019073E-03
-94.000E-09,+3.966000080109E+00,+19.999980927E-03
-92.000E-09,+3.966000080108E+00,+19.999980927E-03
-90.000E-09,+3.841000080109E+00,+19.999980927E-03
-88.000E-09,+3.841000080108E+00,+19.999980927E-03
-86.000E-09,+3.716000080109E+00,+19.999980927E-03
-84.000E-09,+3.778500080108E+00,+82.499980926E-03
-82.000E-09,+3.716000080109E+00,+19.999980927E-03
-80.000E-09,+3.716000080109E+00,+19.999980927E-03
-78.000E-09,+3.716000080109E+00,+19.999980927E-03
-76.000E-09,+3.716000080108E+00,+19.999980927E-03
-74.000E-09,+3.653500080109E+00,+82.499980926E-03
-72.000E-09,+3.716000080108E+00,+19.999980927E-03
-70.000E-09,+3.653500080108E+00,+19.999980927E-03
-68.000E-09,+3.591000080108E+00,+82.499980926E-03
-66.000E-09,+3.528500080109E+00,+19.999980927E-03
-64.000E-09,+3.591000080109E+00,+19.999980927E-03
-62.000E-09,+3.591000080109E+00,+82.499980927E-03
-60.000E-09,+3.591000080109E+00,+82.499980926E-03
-58.000E-09,+3.591000080109E+00,+19.999980927E-03
-56.000E-09,+3.591000080108E+00,+82.499980927E-03
-54.000E-09,+3.528500080109E+00,+82.499980927E-03
-52.000E-09,+3.591000080108E+00,+82.499980926E-03
-50.000E-09,+3.528500080109E+00,+19.999980927E-03
-48.000E-09,+3.591000080108E+00,+82.499980927E-03
-46.000E-09,+3.528500080109E+00,+82.499980926E-03
-44.000E-09,+3.591000080108E+00,+19.999980927E-03
-42.000E-09,+3.528500080109E+00,+82.499980927E-03
-40.000E-09,+3.591000080108E+00,+82.499980927E-03
-38.000E-09,+3.528500080109E+00,+144.999980927E-03
-36.000E-09,+3.591000080109E+00,+144.999980926E-03
-34.000E-09,+3.591000080109E+00,+19.999980927E-03
-32.000E-09,+3.591000080108E+00,+82.499980927E-03
-30.000E-09,+3.528500080109E+00,+82.499980927E-03
-28.000E-09,+3.591000080109E+00,+82.499980927E-03
-26.000E-09,+3.591000080109E+00,+82.499980927E-03
-24.000E-09,+3.591000080109E+00,+82.499980927E-03
-22.000E-09,+3.653500080108E+00,+82.499980927E-03
-20.000E-09,+3.591000080109E+00,+82.499980927E-03
-18.000E-09,+3.591000080109E+00,+82.499980927E-03
-16.000E-09,+3.653500080109E+00,+82.499980927E-03
-14.000E-09,+3.653500080109E+00,+144.999980926E-03
-12.000E-09,+3.778500080108E+00,+82.499980927E-03
-10.000E-09,+3.653500080109E+00,+207.499980927E-03
-8.000E-09,+3.716000080108E+00,+457.499980928E-03
-6.000E-09,+3.653500080109E+00,+832.499980929E-03
-4.000E-09,+3.716000080109E+00,+1.394999980929E+00
-2.000E-09,+3.716000080109E+00,+2.082499980928E+00
+0.0E+00,+3.778500080109E+00,+2.582499980927E+00
+2.000E-09,+3.841000080109E+00,+2.769999980927E+00
+4.000E-09,+3.903500080109E+00,+2.832499980926E+00
+6.000E-09,+3.966000080109E+00,+2.707499980927E+00
+8.000E-09,+4.091000080109E+00,+2.769999980927E+00
+10.000E-09,+4.278500080109E+00,+2.894999980927E+00
+12.000E-09,+4.341000080109E+00,+2.894999980926E+00
+14.000E-09,+4.403500080109E+00,+2.832499980927E+00
+16.000E-09,+4.528500080109E+00,+2.832499980927E+00
+18.000E-09,+4.591000080109E+00,+2.894999980927E+00
+20.000E-09,+4.591000080108E+00,+2.894999980927E+00
+22.000E-09,+4.341000080108E+00,+2.957499980927E+00
+24.000E-09,+4.153500080107E+00,+3.144999980927E+00
+26.000E-09,+3.716000080107E+00,+3.269999980927E+00
+28.000E-09,+3.341000080107E+00,+3.332499980927E+00
+30.000E-09,+2.778500080107E+00,+3.457499980927E+00
+32.000E-09,+2.278500080106E+00,+3.519999980927E+00
+34.000E-09,+1.591000080107E+00,+3.582499980927E+00
+36.000E-09,+1.028500080106E+00,+3.707499980927E+00
+38.000E-09,+403.500080107E-03,+3.707499980927E+00
+40.000E-09,-158.999919893E-03,+3.832499980927E+00
+42.000E-09,-658.999919893E-03,+3.957499980927E+00
+44.000E-09,-1.158999919893E+00,+4.019999980927E+00
+46.000E-09,-1.596499919892E+00,+4.019999980927E+00
+48.000E-09,-1.846499919892E+00,+4.019999980926E+00
+50.000E-09,-1.908999919892E+00,+3.957499980927E+00
+52.000E-09,-2.033999919891E+00,+3.957499980926E+00
+54.000E-09,-2.033999919891E+00,+3.832499980926E+00
+56.000E-09,-1.971499919891E+00,+3.769999980926E+00
+58.000E-09,-1.846499919891E+00,+3.644999980927E+00
+60.000E-09,-1.658999919891E+00,+3.769999980926E+00
+62.000E-09,-1.471499919890E+00,+3.707499980927E+00
+64.000E-09,-1.158999919891E+00,+3.707499980927E+00
+66.000E-09,-1.158999919891E+00,+3.707499980927E+00
+68.000E-09,-971.499919891E-03,+3.832499980926E+00
+70.000E-09,-908.999919891E-03,+3.707499980927E+00
+72.000E-09,-783.999919891E-03,+3.707499980927E+00
+74.000E-09,-596.499919891E-03,+3.769999980927E+00
+76.000E-09,-533.999919891E-03,+3.769999980927E+00
+78.000E-09,-408.999919891E-03,+3.894999980927E+00
+80.000E-09,-221.499919891E-03,+4.082499980927E+00
+82.000E-09,-158.999919891E-03,+4.144999980927E+00
+84.000E-09,-33.999919892E-03,+4.269999980927E+00
+86.000E-09,-96.499919891E-03,+4.394999980927E+00
+88.000E-09,-33.999919891E-03,+4.457499980927E+00
+90.000E-09,-33.999919892E-03,+4.457499980926E+00
+92.000E-09,-96.499919892E-03,+4.394999980926E+00
+94.000E-09,-221.499919892E-03,+4.332499980926E+00
+96.000E-09,-283.999919891E-03,+4.207499980926E+00
+98.000E-09,-283.999919892E-03,+4.144999980927E+00
+100.000E-09,-346.499919892E-03,+4.144999980926E+00
+102.000E-09,-596.499919891E-03,+4.082499980926E+00
+104.000E-09,-471.499919891E-03,+4.019999980927E+00
+106.000E-09,-471.499919891E-03,+4.019999980926E+00
+108.000E-09,-471.499919891E-03,+3.894999980927E+00
+110.000E-09,-471.499919891E-03,+3.894999980926E+00
+112.000E-09,-408.999919891E-03,+3.832499980927E+00
+114.000E-09,-221.499919891E-03,+3.832499980927E+00
+116.000E-09,-96.499919891E-03,+3.832499980926E+00
+118.000E-09,-33.999919891E-03,+3.769999980927E+00
+120.000E-09,+153.500080109E-03,+3.769999980927E+00
+122.000E-09,+278.500080109E-03,+3.832499980927E+00
+124.000E-09,+341.000080109E-03,+3.894999980927E+00
+126.000E-09,+466.000080109E-03,+3.894999980927E+00
+128.000E-09,+466.000080109E-03,+3.957499980927E+00
+130.000E-09,+528.500080109E-03,+3.957499980927E+00
+132.000E-09,+591.000080109E-03,+3.957499980926E+00
+134.000E-09,+591.000080109E-03,+3.894999980927E+00
+136.000E-09,+653.500080109E-03,+3.957499980927E+00
+138.000E-09,+716.000080109E-03,+4.082499980927E+00
+140.000E-09,+841.000080108E-03,+4.144999980927E+00
+142.000E-09,+778.500080109E-03,+4.207499980927E+00
+144.000E-09,+841.000080108E-03,+4.332499980927E+00
+146.000E-09,+778.500080109E-03,+4.394999980927E+00
+148.000E-09,+841.000080109E-03,+4.457499980926E+00
+150.000E-09,+841.000080108E-03,+4.394999980926E+00
+152.000E-09,+716.000080108E-03,+4.332499980926E+00
+154.000E-09,+653.500080108E-03,+4.269999980926E+00
+156.000E-09,+528.500080108E-03,+4.207499980926E+00
+158.000E-09,+403.500080108E-03,+4.144999980927E+00
+160.000E-09,+216.000080108E-03,+4.144999980927E+00
+162.000E-09,+28.500080108E-03,+4.207499980926E+00
+164.000E-09,-33.999919892E-03,+4.082499980926E+00
+166.000E-09,-221.499919892E-03,+4.019999980927E+00
+168.000E-09,-346.499919892E-03,+4.019999980927E+00
+170.000E-09,-408.999919892E-03,+4.019999980926E+00
+172.000E-09,-596.499919892E-03,+3.832499980927E+00
+174.000E-09,-721.499919892E-03,+3.832499980927E+00
+176.000E-09,-783.999919892E-03,+3.832499980927E+00
+178.000E-09,-846.499919892E-03,+3.832499980927E+00
+180.000E-09,-908.999919892E-03,+3.832499980927E+00
+182.000E-09,-971.499919892E-03,+3.832499980927E+00
+184.000E-09,-1.033999919892E+00,+3.894999980926E+00
+186.000E-09,-1.158999919891E+00,+3.832499980927E+00
+188.000E-09,-1.096499919891E+00,+3.894999980927E+00
+190.000E-09,-1.096499919892E+00,+3.894999980926E+00
+192.000E-09,-1.158999919891E+00,+3.832499980927E+00
+194.000E-09,-1.033999919891E+00,+3.832499980927E+00
+196.000E-09,-971.499919891E-03,+3.957499980926E+00
+198.000E-09,-971.499919891E-03,+3.894999980927E+00
+200.000E-09,-846.499919890E-03,+3.957499980927E+00
+202.000E-09,-596.499919891E-03,+4.019999980927E+00
+204.000E-09,-471.499919891E-03,+4.144999980926E+00
+206.000E-09,-346.499919890E-03,+4.082499980927E+00
+208.000E-09,-33.999919891E-03,+4.144999980927E+00
+210.000E-09,+91.000080109E-03,+4.144999980927E+00
+212.000E-09,+278.500080109E-03,+4.144999980927E+00
+214.000E-09,+403.500080109E-03,+4.144999980927E+00
+216.000E-09,+591.000080109E-03,+4.144999980927E+00
+218.000E-09,+653.500080109E-03,+4.207499980927E+00
+220.000E-09,+841.000080109E-03,+4.207499980927E+00
+222.000E-09,+841.000080109E-03,+4.269999980926E+00
+224.000E-09,+841.000080109E-03,+4.207499980927E+00
+226.000E-09,+903.500080109E-03,+4.207499980927E+00
+228.000E-09,+1.028500080108E+00,+4.207499980927E+00
+230.000E-09,+903.500080109E-03,+4.207499980927E+00
+232.000E-09,+966.000080108E-03,+4.207499980927E+00
+234.000E-09,+903.500080109E-03,+4.207499980926E+00
+236.000E-09,+903.500080108E-03,+4.144999980927E+00
+238.000E-09,+778.500080108E-03,+4.144999980927E+00
+240.000E-09,+716.000080108E-03,+4.207499980926E+00
+242.000E-09,+591.000080108E-03,+4.144999980927E+00
+244.000E-09,+466.000080108E-03,+4.144999980926E+00
+246.000E-09,+341.000080108E-03,+4.082499980927E+00
+248.000E-09,+216.000080108E-03,+4.144999980926E+00
+250.000E-09,+91.000080108E-03,+4.019999980927E+00
+252.000E-09,-33.999919892E-03,+4.019999980926E+00
+254.000E-09,-221.499919892E-03,+3.957499980927E+00
+256.000E-09,-346.499919892E-03,+3.957499980927E+00
+258.000E-09,-471.499919892E-03,+3.957499980927E+00
+260.000E-09,-533.999919892E-03,+3.957499980926E+00
+262.000E-09,-658.999919891E-03,+3.832499980927E+00
+264.000E-09,-658.999919892E-03,+3.894999980927E+00
+266.000E-09,-721.499919891E-03,+3.894999980927E+00
+268.000E-09,-721.499919892E-03,+3.957499980926E+00
+270.000E-09,-783.999919891E-03,+3.894999980927E+00
+272.000E-09,-658.999919891E-03,+3.894999980927E+00
+274.000E-09,-658.999919891E-03,+3.957499980926E+00
+276.000E-09,-596.499919892E-03,+3.832499980927E+00
+278.000E-09,-658.999919891E-03,+3.894999980927E+00
+280.000E-09,-596.499919891E-03,+4.019999980927E+00
+282.000E-09,-533.999919891E-03,+4.019999980927E+00
+284.000E-09,-408.999919892E-03,+4.019999980927E+00
+286.000E-09,-471.499919891E-03,+4.019999980927E+00
+288.000E-09,-346.499919891E-03,+4.082499980927E+00
+290.000E-09,-221.499919891E-03,+4.082499980927E+00
+292.000E-09,-158.999919891E-03,+4.082499980927E+00
+294.000E-09,-158.999919891E-03,+4.144999980926E+00
+296.000E-09,-33.999919891E-03,+4.082499980927E+00
+298.000E-09,+28.500080109E-03,+4.207499980926E+00
+300.000E-09,+153.500080109E-03,+4.144999980927E+00
+302.000E-09,+153.500080109E-03,+4.144999980927E+00
+304.000E-09,+216.000080109E-03,+4.207499980926E+00
+306.000E-09,+278.500080109E-03,+4.144999980927E+00
+308.000E-09,+278.500080109E-03,+4.144999980927E+00
+310.000E-09,+341.000080108E-03,+4.144999980927E+00
+312.000E-09,+216.000080109E-03,+4.144999980927E+00
+314.000E-09,+278.500080109E-03,+4.144999980926E+00
+316.000E-09,+278.500080108E-03,+4.082499980927E+00
+318.000E-09,+216.000080109E-03,+4.082499980927E+00
+320.000E-09,+216.000080109E-03,+4.082499980927E+00
+322.000E-09,+216.000080108E-03,+4.082499980927E+00
+324.000E-09,+153.500080108E-03,+4.082499980927E+00
+326.000E-09,+91.000080109E-03,+4.082499980927E+00
+328.000E-09,+153.500080108E-03,+4.082499980926E+00
+330.000E-09,+91.000080109E-03,+4.019999980927E+00
+332.000E-09,+91.000080108E-03,+4.019999980926E+00
+334.000E-09,+28.500080109E-03,+3.957499980927E+00
+336.000E-09,+28.500080108E-03,+4.082499980926E+00
+338.000E-09,-96.499919891E-03,+4.019999980927E+00
+340.000E-09,-33.999919891E-03,+4.019999980927E+00
+342.000E-09,-33.999919892E-03,+4.019999980927E+00
+344.000E-09,-96.499919891E-03,+4.019999980927E+00
+346.000E-09,-96.499919891E-03,+4.019999980927E+00
+348.000E-09,-96.499919892E-03,+4.082499980926E+00
+350.000E-09,-158.999919891E-03,+3.957499980927E+00
+352.000E-09,-158.999919891E-03,+3.957499980927E+00
+354.000E-09,-158.999919891E-03,+4.019999980927E+00
+356.000E-09,-33.999919892E-03,+4.082499980926E+00
+358.000E-09,-158.999919891E-03,+3.957499980927E+00
+360.000E-09,-33.999919892E-03,+4.082499980927E+00
+362.000E-09,-96.499919891E-03,+4.144999980926E+00
+364.000E-09,+28.500080108E-03,+4.082499980926E+00
+366.000E-09,-33.999919891E-03,+4.019999980927E+00
+368.000E-09,-33.999919891E-03,+4.082499980927E+00
+370.000E-09,-33.999919892E-03,+4.082499980926E+00
+372.000E-09,-96.499919891E-03,+4.019999980927E+00
+374.000E-09,-33.999919891E-03,+4.019999980927E+00
+376.000E-09,+28.500080108E-03,+4.082499980927E+00
+378.000E-09,-33.999919891E-03,+4.082499980927E+00
+380.000E-09,-33.999919892E-03,+4.082499980926E+00
+382.000E-09,-96.499919891E-03,+4.019999980927E+00
+384.000E-09,-33.999919892E-03,+4.082499980927E+00
+386.000E-09,-96.499919891E-03,+4.144999980927E+00
+388.000E-09,-33.999919892E-03,+4.144999980926E+00
+390.000E-09,-96.499919891E-03,+4.082499980926E+00
+392.000E-09,-96.499919891E-03,+4.019999980927E+00
+394.000E-09,-96.499919891E-03,+4.082499980926E+00
+396.000E-09,-96.499919891E-03,+4.019999980927E+00
+398.000E-09,-96.499919891E-03,+4.082499980927E+00
+400.000E-09,-33.999919891E-03,+4.082499980926E+00
+402.000E-09,-33.999919892E-03,+4.019999980927E+00
+404.000E-09,-96.499919891E-03,+4.019999980927E+00
+406.000E-09,-96.499919891E-03,+4.019999980927E+00
+408.000E-09,-96.499919891E-03,+4.082499980927E+00
+410.000E-09,-96.499919891E-03,+4.082499980927E+00
+412.000E-09,-96.499919891E-03,+4.082499980926E+00
+414.000E-09,-96.499919891E-03,+4.019999980927E+00
+416.000E-09,-96.499919891E-03,+4.082499980926E+00
+418.000E-09,+28.500080108E-03,+4.019999980927E+00
+420.000E-09,-33.999919892E-03,+4.144999980926E+00
+422.000E-09,-158.999919891E-03,+4.082499980927E+00
+424.000E-09,-33.999919891E-03,+4.082499980927E+00
+426.000E-09,-33.999919891E-03,+4.082499980926E+00
+428.000E-09,+28.500080109E-03,+4.019999980927E+00
+430.000E-09,+28.500080109E-03,+4.082499980927E+00
+432.000E-09,+91.000080108E-03,+4.082499980927E+00
+434.000E-09,+28.500080109E-03,+4.144999980926E+00
+436.000E-09,+91.000080109E-03,+4.082499980927E+00
+438.000E-09,+91.000080109E-03,+4.082499980927E+00
+440.000E-09,+91.000080109E-03,+4.082499980927E+00
+442.000E-09,+91.000080109E-03,+4.082499980927E+00
+444.000E-09,+91.000080108E-03,+4.082499980927E+00
+446.000E-09,+28.500080109E-03,+4.082499980927E+00
+448.000E-09,+91.000080108E-03,+4.082499980927E+00
+450.000E-09,+28.500080109E-03,+4.082499980927E+00
+452.000E-09,+91.000080108E-03,+4.082499980927E+00
+454.000E-09,+28.500080109E-03,+4.144999980926E+00
+456.000E-09,+91.000080108E-03,+4.082499980927E+00
+458.000E-09,-33.999919891E-03,+4.144999980927E+00
+460.000E-09,+28.500080108E-03,+4.144999980927E+00
+462.000E-09,-33.999919891E-03,+4.144999980926E+00
+464.000E-09,-33.999919892E-03,+4.082499980927E+00
+466.000E-09,-96.499919891E-03,+4.207499980926E+00
+468.000E-09,-33.999919892E-03,+4.144999980926E+00
+470.000E-09,-158.999919891E-03,+4.019999980927E+00
+472.000E-09,-96.499919892E-03,+4.082499980927E+00
+474.000E-09,-158.999919891E-03,+4.082499980927E+00
+476.000E-09,-96.499919892E-03,+4.144999980926E+00
+478.000E-09,-158.999919891E-03,+3.957499980927E+00
+480.000E-09,-158.999919892E-03,+4.019999980927E+00
+482.000E-09,-221.499919891E-03,+4.082499980926E+00
+484.000E-09,-221.499919891E-03,+4.019999980927E+00
+486.000E-09,-221.499919891E-03,+4.019999980926E+00
+488.000E-09,-96.499919892E-03,+3.957499980926E+00
+490.000E-09,-221.499919891E-03,+3.894999980926E+00
+492.000E-09,-158.999919892E-03,+3.707499980925E+00
+494.000E-09,-221.499919891E-03,+3.207499980925E+00
+496.000E-09,-96.499919891E-03,+2.582499980925E+00
+498.000E-09,-96.499919891E-03,+2.019999980925E+00
+500.000E-09,-96.499919892E-03,+1.519999980926E+00
+502.000E-09,-221.499919891E-03,+1.332499980926E+00
+504.000E-09,-96.499919892E-03,+1.269999980927E+00
+506.000E-09,-283.999919891E-03,+1.394999980927E+00
+508.000E-09,-283.999919892E-03,+1.394999980926E+00
+510.000E-09,-596.499919891E-03,+1.269999980926E+00
+512.000E-09,-533.999919892E-03,+1.207499980927E+00
+514.000E-09,-596.499919891E-03,+1.269999980927E+00
+516.000E-09,-596.499919892E-03,+1.269999980927E+00
+518.000E-09,-658.999919892E-03,+1.394999980926E+00
+520.000E-09,-721.499919891E-03,+1.207499980927E+00
+522.000E-09,-721.499919891E-03,+1.269999980926E+00
+524.000E-09,-721.499919891E-03,+1.144999980926E+00
+526.000E-09,-658.999919890E-03,+957.499980926E-03
+528.000E-09,-408.999919891E-03,+832.499980926E-03
+530.000E-09,-283.999919890E-03,+644.999980926E-03
+532.000E-09,-33.999919891E-03,+394.999980926E-03
+534.000E-09,+153.500080109E-03,+269.999980926E-03
+536.000E-09,+341.000080110E-03,+144.999980927E-03
+538.000E-09,+591.000080110E-03,+144.999980926E-03
+540.000E-09,+841.000080110E-03,+82.499980926E-03
+542.000E-09,+1.091000080110E+00,-42.500019074E-03
+544.000E-09,+1.341000080109E+00,-105.000019074E-03
+546.000E-09,+1.528500080109E+00,-292.500019074E-03
+548.000E-09,+1.653500080108E+00,-417.500019073E-03
+550.000E-09,+1.591000080108E+00,-355.000019073E-03
+552.000E-09,+1.528500080109E+00,-292.500019073E-03
+554.000E-09,+1.591000080108E+00,-105.000019073E-03
+556.000E-09,+1.528500080108E+00,-105.000019073E-03
+558.000E-09,+1.403500080108E+00,+82.499980927E-03
+560.000E-09,+1.341000080108E+00,+207.499980927E-03
+562.000E-09,+1.278500080108E+00,+332.499980927E-03
+564.000E-09,+1.153500080108E+00,+394.999980927E-03
+566.000E-09,+1.091000080109E+00,+519.999980927E-03
+568.000E-09,+1.216000080109E+00,+582.499980927E-03
+570.000E-09,+1.278500080110E+00,+582.499980926E-03
+572.000E-09,+1.653500080110E+00,+519.999980926E-03
+574.000E-09,+1.903500080110E+00,+457.499980927E-03
+576.000E-09,+2.216000080110E+00,+519.999980927E-03
+578.000E-09,+2.466000080110E+00,+582.499980926E-03
+580.000E-09,+2.903500080110E+00,+519.999980926E-03
+582.000E-09,+3.216000080110E+00,+457.499980926E-03
+584.000E-09,+3.591000080109E+00,+332.499980926E-03
+586.000E-09,+3.716000080110E+00,+269.999980926E-03
+588.000E-09,+3.966000080109E+00,+207.499980926E-03
+590.000E-09,+4.028500080109E+00,+82.499980926E-03
+592.000E-09,+4.153500080108E+00,-42.500019073E-03
+594.000E-09,+4.091000080109E+00,-42.500019073E-03
+596.000E-09,+4.153500080108E+00,-42.500019073E-03
+598.000E-09,+4.091000080108E+00,-42.500019073E-03
+600.000E-09,+4.028500080109E+00,-42.500019073E-03
+602.000E-09,+4.028500080108E+00,+82.499980926E-03
+604.000E-09,+3.966000080108E+00,+19.999980927E-03
+606.000E-09,+3.841000080109E+00,+82.499980927E-03
+608.000E-09,+3.903500080108E+00,+82.499980927E-03
+610.000E-09,+3.841000080109E+00,+207.499980927E-03
+612.000E-09,+3.966000080108E+00,+207.499980927E-03
+614.000E-09,+3.903500080109E+00,+332.499980927E-03
+616.000E-09,+4.028500080109E+00,+332.499980927E-03
+618.000E-09,+4.153500080109E+00,+457.499980927E-03
+620.000E-09,+4.216000080109E+00,+457.499980927E-03
+622.000E-09,+4.278500080110E+00,+457.499980927E-03
+624.000E-09,+4.466000080109E+00,+519.999980926E-03
+626.000E-09,+4.528500080110E+00,+457.499980927E-03
+628.000E-09,+4.778500080109E+00,+457.499980926E-03
+630.000E-09,+4.778500080110E+00,+332.499980926E-03
+632.000E-09,+5.028500080109E+00,+269.999980926E-03
+634.000E-09,+5.091000080109E+00,+207.499980927E-03
+636.000E-09,+5.153500080109E+00,+207.499980926E-03
+638.000E-09,+5.216000080109E+00,+82.499980927E-03
+640.000E-09,+5.341000080108E+00,+82.499980927E-03
+642.000E-09,+5.216000080109E+00,+82.499980926E-03
+644.000E-09,+5.216000080109E+00,+19.999980926E-03
+646.000E-09,+5.216000080108E+00,-105.000019073E-03
+648.000E-09,+5.153500080108E+00,-42.500019074E-03
+650.000E-09,+5.028500080108E+00,-105.000019073E-03
+652.000E-09,+4.903500080108E+00,-42.500019073E-03
+654.000E-09,+4.841000080108E+00,-42.500019073E-03
+656.000E-09,+4.716000080108E+00,-42.500019073E-03
+658.000E-09,+4.591000080109E+00,+82.499980927E-03
+660.000E-09,+4.591000080108E+00,+82.499980927E-03
+662.000E-09,+4.403500080109E+00,+82.499980927E-03
+664.000E-09,+4.466000080108E+00,+144.999980927E-03
+666.000E-09,+4.341000080109E+00,+144.999980927E-03
+668.000E-09,+4.341000080108E+00,+144.999980927E-03
+670.000E-09,+4.278500080109E+00,+207.499980927E-03
+672.000E-09,+4.278500080109E+00,+207.499980927E-03
+674.000E-09,+4.278500080109E+00,+269.999980926E-03
+676.000E-09,+4.341000080108E+00,+207.499980927E-03
+678.000E-09,+4.153500080109E+00,+207.499980927E-03
+680.000E-09,+4.153500080109E+00,+269.999980926E-03
+682.000E-09,+4.278500080109E+00,+207.499980926E-03
+684.000E-09,+4.278500080108E+00,+19.999980927E-03
+686.000E-09,+4.153500080109E+00,+19.999980927E-03
+688.000E-09,+4.216000080109E+00,+19.999980927E-03
+690.000E-09,+4.216000080109E+00,+19.999980926E-03
+692.000E-09,+4.216000080108E+00,-42.500019073E-03
+694.000E-09,+4.091000080109E+00,-42.500019073E-03
+696.000E-09,+4.091000080108E+00,-42.500019073E-03
+698.000E-09,+4.028500080109E+00,-42.500019074E-03
+700.000E-09,+4.028500080108E+00,-105.000019073E-03
+702.000E-09,+3.966000080108E+00,+19.999980926E-03
+704.000E-09,+3.841000080109E+00,-105.000019073E-03
+706.000E-09,+3.841000080109E+00,+19.999980927E-03
+708.000E-09,+3.841000080108E+00,+19.999980926E-03
+710.000E-09,+3.716000080109E+00,-42.500019073E-03
+712.000E-09,+3.778500080108E+00,+82.499980927E-03
+714.000E-09,+3.653500080109E+00,+144.999980927E-03
+716.000E-09,+3.716000080108E+00,+144.999980926E-03
+718.000E-09,+3.591000080109E+00,+82.499980927E-03
+720.000E-09,+3.653500080108E+00,+82.499980927E-03
+722.000E-09,+3.591000080109E+00,+144.999980927E-03
+724.000E-09,+3.591000080108E+00,+144.999980926E-03
+726.000E-09,+3.466000080109E+00,+82.499980927E-03
+728.000E-09,+3.591000080108E+00,+82.499980927E-03
+730.000E-09,+3.528500080109E+00,+144.999980926E-03
+732.000E-09,+3.591000080108E+00,+82.499980927E-03
+734.000E-09,+3.528500080109E+00,+144.999980926E-03
+736.000E-09,+3.591000080108E+00,+82.499980927E-03
+738.000E-09,+3.528500080109E+00,+82.499980927E-03
+740.000E-09,+3.591000080108E+00,+82.499980926E-03
+742.000E-09,+3.466000080109E+00,+19.999980927E-03
+744.000E-09,+3.466000080109E+00,+19.999980927E-03
+746.000E-09,+3.528500080108E+00,+144.999980926E-03
+748.000E-09,+3.466000080109E+00,+19.999980927E-03
+750.000E-09,+3.466000080109E+00,+19.999980927E-03
+752.000E-09,+3.466000080108E+00,+82.499980927E-03
+754.000E-09,+3.403500080109E+00,+144.999980926E-03
+756.000E-09,+3.528500080107E+00,+82.499980926E-03
+758.000E-09,+3.341000080109E+00,+19.999980927E-03
+760.000E-09,+3.466000080108E+00,+82.499980927E-03
+762.000E-09,+3.341000080109E+00,+82.499980927E-03
+764.000E-09,+3.403500080108E+00,+82.499980926E-03
+766.000E-09,+3.341000080109E+00,+19.999980927E-03
+768.000E-09,+3.403500080109E+00,+82.499980927E-03
+770.000E-09,+3.403500080108E+00,+82.499980927E-03
+772.000E-09,+3.341000080109E+00,+144.999980927E-03
+774.000E-09,+3.341000080109E+00,+144.999980927E-03
+776.000E-09,+3.403500080108E+00,+144.999980927E-03
+778.000E-09,+3.341000080109E+00,+144.999980926E-03
+780.000E-09,+3.403500080108E+00,+82.499980926E-03
+782.000E-09,+3.341000080109E+00,+19.999980927E-03
+784.000E-09,+3.466000080108E+00,+82.499980927E-03
+786.000E-09,+3.403500080109E+00,+82.499980927E-03
+788.000E-09,+3.466000080109E+00,+144.999980926E-03
+790.000E-09,+3.466000080109E+00,+82.499980926E-03
+792.000E-09,+3.466000080109E+00,+19.999980927E-03
+794.000E-09,+3.466000080109E+00,+82.499980927E-03
+796.000E-09,+3.591000080109E+00,+82.499980926E-03
+798.000E-09,+3.591000080109E+00,+19.999980927E-03
+800.000E-09,+3.653500080109E+00,+82.499980927E-03
+802.000E-09,+3.653500080109E+00,+82.499980927E-03
+804.000E-09,+3.778500080108E+00,+82.499980927E-03
+806.000E-09,+3.716000080109E+00,+82.499980927E-03
+808.000E-09,+3.841000080108E+00,+82.499980927E-03
+810.000E-09,+3.778500080109E+00,+144.999980926E-03
+812.000E-09,+3.841000080109E+00,+82.499980927E-03
+814.000E-09,+3.841000080109E+00,+82.499980927E-03
+816.000E-09,+3.966000080109E+00,+144.999980927E-03
+818.000E-09,+3.966000080109E+00,+207.499980926E-03
+820.000E-09,+4.028500080109E+00,+144.999980927E-03
+822.000E-09,+4.028500080109E+00,+144.999980927E-03
+824.000E-09,+4.091000080109E+00,+207.499980927E-03
+826.000E-09,+4.091000080110E+00,+207.499980926E-03
+828.000E-09,+4.216000080109E+00,+144.999980927E-03
+830.000E-09,+4.216000080109E+00,+144.999980927E-03
+832.000E-09,+4.278500080109E+00,+144.999980927E-03
+834.000E-09,+4.278500080108E+00,+207.499980926E-03
+836.000E-09,+4.216000080109E+00,+144.999980927E-03
+838.000E-09,+4.278500080110E+00,+144.999980927E-03
+840.000E-09,+4.403500080109E+00,+144.999980927E-03
+842.000E-09,+4.403500080109E+00,+207.499980926E-03
+844.000E-09,+4.403500080109E+00,+144.999980926E-03
+846.000E-09,+4.403500080109E+00,+19.999980927E-03
+848.000E-09,+4.466000080109E+00,+144.999980927E-03
+850.000E-09,+4.466000080109E+00,+144.999980927E-03
+852.000E-09,+4.528500080108E+00,+144.999980926E-03
+854.000E-09,+4.466000080110E+00,+82.499980927E-03
+856.000E-09,+4.591000080108E+00,+82.499980927E-03
+858.000E-09,+4.528500080109E+00,+144.999980926E-03
+860.000E-09,+4.591000080108E+00,+82.499980927E-03
+862.000E-09,+4.528500080109E+00,+82.499980927E-03
+864.000E-09,+4.528500080109E+00,+144.999980926E-03
+866.000E-09,+4.528500080108E+00,+82.499980927E-03
+868.000E-09,+4.466000080108E+00,+82.499980927E-03
+870.000E-09,+4.403500080109E+00,+82.499980927E-03
+872.000E-09,+4.403500080109E+00,+144.999980926E-03
+874.000E-09,+4.403500080109E+00,+82.499980927E-03
+876.000E-09,+4.403500080108E+00,+82.499980927E-03
+878.000E-09,+4.341000080109E+00,+82.499980927E-03
+880.000E-09,+4.403500080108E+00,+82.499980927E-03
+882.000E-09,+4.278500080109E+00,+82.499980927E-03
+884.000E-09,+4.278500080108E+00,+82.499980926E-03
+886.000E-09,+4.216000080109E+00,+19.999980927E-03
+888.000E-09,+4.278500080108E+00,+82.499980926E-03
+890.000E-09,+4.216000080108E+00,+19.999980927E-03
+892.000E-09,+4.153500080109E+00,+19.999980927E-03
+894.000E-09,+4.153500080108E+00,+19.999980927E-03
+896.000E-09,+4.091000080109E+00,+19.999980926E-03
+898.000E-09,+4.091000080109E+00,-42.500019073E-03
+900.000E-09,+4.091000080107E+00,+19.999980927E-03
+902.000E-09,+3.903500080109E+00,+19.999980927E-03
+904.000E-09,+3.966000080108E+00,+19.999980927E-03
+906.000E-09,+3.903500080109E+00,+19.999980927E-03
+908.000E-09,+3.966000080108E+00,+19.999980926E-03
+910.000E-09,+3.841000080109E+00,-42.500019073E-03
+912.000E-09,+3.841000080108E+00,+82.499980927E-03
+914.000E-09,+3.778500080109E+00,+82.499980926E-03
+916.000E-09,+3.778500080109E+00,+19.999980926E-03
+918.000E-09,+3.778500080109E+00,-42.500019073E-03
+920.000E-09,+3.778500080108E+00,+19.999980927E-03
+922.000E-09,+3.716000080109E+00,+82.499980926E-03
+924.000E-09,+3.716000080109E+00,+19.999980927E-03
+926.000E-09,+3.716000080108E+00,+19.999980927E-03
+928.000E-09,+3.653500080109E+00,+82.499980927E-03
+930.000E-09,+3.653500080109E+00,+144.999980926E-03
+932.000E-09,+3.653500080108E+00,+82.499980926E-03
+934.000E-09,+3.528500080110E+00,+19.999980926E-03
+936.000E-09,+3.653500080108E+00,-42.500019072E-03
+938.000E-09,+3.591000080109E+00,+82.499980927E-03
+940.000E-09,+3.653500080108E+00,+82.499980926E-03
+942.000E-09,+3.528500080109E+00,+19.999980927E-03
+944.000E-09,+3.591000080109E+00,+19.999980927E-03
+946.000E-09,+3.591000080109E+00,+82.499980926E-03
+948.000E-09,+3.591000080108E+00,+19.999980927E-03
+950.000E-09,+3.528500080109E+00,+19.999980927E-03
+952.000E-09,+3.591000080108E+00,+82.499980927E-03
+954.000E-09,+3.528500080109E+00,+82.499980927E-03
+956.000E-09,+3.591000080108E+00,+144.999980926E-03
+958.000E-09,+3.528500080109E+00,+82.499980927E-03
+960.000E-09,+3.591000080109E+00,+82.499980927E-03
+962.000E-09,+3.591000080109E+00,+144.999980927E-03
+964.000E-09,+3.591000080109E+00,+144.999980926E-03
+966.000E-09,+3.591000080109E+00,+82.499980927E-03
+968.000E-09,+3.591000080109E+00,+82.499980927E-03
+970.000E-09,+3.653500080108E+00,+82.499980927E-03
+972.000E-09,+3.591000080108E+00,+82.499980927E-03
+974.000E-09,+3.528500080109E+00,+82.499980927E-03
+976.000E-09,+3.591000080109E+00,+82.499980927E-03
+978.000E-09,+3.591000080109E+00,+144.999980926E-03
+980.000E-09,+3.591000080109E+00,+82.499980927E-03
+982.000E-09,+3.591000080109E+00,+144.999980927E-03
+984.000E-09,+3.653500080109E+00,+144.999980927E-03
+986.000E-09,+3.653500080109E+00,+207.499980926E-03
+988.000E-09,+3.716000080108E+00,+144.999980927E-03
+990.000E-09,+3.591000080110E+00,+207.499980928E-03
+992.000E-09,+3.716000080108E+00,+394.999980930E-03
+994.000E-09,+3.653500080110E+00,+894.999980931E-03
+996.000E-09,+3.778500080108E+00,+1.519999980931E+00
+998.000E-09,+3.716000080108E+00,+2.144999980931E+00
